<?xml version="1.0" encoding="UTF-8"?>
<project-private xmlns="http://www.netbeans.org/ns/project-private/1">
    <editor-bookmarks xmlns="http://www.netbeans.org/ns/editor-bookmarks/2" lastBookmarkId="0"/>
    <open-files xmlns="http://www.netbeans.org/ns/projectui-open-files/2">
        <group>
            <file>file:/C:/Users/Tinho/Documents/NetBeansProjects/eFeira/src/efeira/EFeira.java</file>
            <file>file:/C:/Users/Tinho/Documents/NetBeansProjects/eFeira/src/efeira/FinalCompra.java</file>
            <file>file:/C:/Users/Tinho/Documents/NetBeansProjects/eFeira/src/efeira/Cliente.java</file>
            <file>file:/C:/Users/Tinho/Documents/NetBeansProjects/eFeira/src/efeira/Administrador.java</file>
        </group>
    </open-files>
</project-private>
